28in x 20mm, 635, 20.00, 675.00, 2120.58
28in x 23mm, 635, 23.00, 681.00, 2139.42
28in x 25mm, 635, 25.00, 685.00, 2151.99
28in x 26mm, 635, 26.00, 687.00, 2158.27
28in x 27mm, 635, 27.00, 689.00, 2164.56
28in x 28mm, 635, 28.00, 691.00, 2170.84
28in x 30mm, 635, 30.00, 695.00, 2183.41
28in x 32mm, 635, 32.00, 699.00, 2195.97
28in x 35mm, 635, 35.00, 705.00, 2214.82
28in x 37mm, 635, 37.00, 709.00, 2227.39
28in x 38mm, 635, 38.00, 711.00, 2233.67
28in x 40mm, 635, 40.00, 715.00, 2246.24
28in x 42mm, 635, 42.00, 719.00, 2258.81
28in x 44mm, 635, 44.00, 723.00, 2271.37
28in x 45mm, 635, 45.00, 725.00, 2277.65
28in x 50mm, 635, 50.00, 735.00, 2309.07
28in x 56mm, 635, 56.00, 747.00, 2346.77
28in x 1.00in, 635, 25.40, 685.80, 2154.50
28in x 1.25in, 635, 31.75, 698.50, 2194.40
28in x 1.35in, 635, 34.29, 703.58, 2210.36
28in x 1.40in, 635, 35.56, 706.12, 2218.34
28in x 1.50in, 635, 38.10, 711.20, 2234.30
28in x 1.75in, 635, 44.45, 723.90, 2274.20
28in x 1.90in, 635, 48.26, 731.52, 2298.14
28in x 1.95in, 635, 49.50, 734.00, 2305.93
28in x 2.00in, 635, 50.80, 736.60, 2314.10
28in x 2.10in, 635, 53.34, 741.68, 2330.06
28in x 2.125in, 635, 54.00, 743.00, 2334.20
28in x 2.20in, 635, 55.88, 746.76, 2346.02
28in x 2.25in, 635, 57.15, 749.30, 2354.00
28in x 2.30in, 635, 58.42, 751.84, 2361.98
28in x 2.35in, 635, 59.69, 754.38, 2369.95
28in x 2.40in, 635, 60.96, 756.92, 2377.93
28in x 2.50in, 635, 63.50, 762.00, 2393.89
28in x 2.60in, 635, 66.04, 767.08, 2409.85
28in x 2.75in, 635, 69.85, 774.70, 2433.79
28in x 2.80in, 635, 71.12, 777.24, 2441.77
28in x 3.00in, 635, 76.20, 787.40, 2473.69
28in x 3.80in, 635, 96.52, 828.04, 2601.36
28in x 4.00in, 635, 101.60, 838.20, 2633.28
28in x 4.25in, 635, 107.95, 850.90, 2673.18
28in x 4.50in, 635, 114.30, 863.60, 2713.08
28in x 4.60in, 635, 116.84, 868.68, 2729.04
28in x 4.70in, 635, 119.38, 873.76, 2745.00
28in x 4.80in, 635, 121.92, 878.84, 2760.96
28in x 4.90in, 635, 124.46, 883.92, 2776.92
27in x 20mm, 630, 20.00, 670.00, 2104.87
27in x 23mm, 630, 23.00, 676.00, 2123.72
27in x 25mm, 630, 25.00, 680.00, 2136.28
27in x 26mm, 630, 26.00, 682.00, 2142.57
27in x 27mm, 630, 27.00, 684.00, 2148.85
27in x 28mm, 630, 28.00, 686.00, 2155.13
27in x 30mm, 630, 30.00, 690.00, 2167.70
27in x 32mm, 630, 32.00, 694.00, 2180.27
27in x 35mm, 630, 35.00, 700.00, 2199.11
27in x 37mm, 630, 37.00, 704.00, 2211.68
27in x 38mm, 630, 38.00, 706.00, 2217.96
27in x 40mm, 630, 40.00, 710.00, 2230.53
27in x 42mm, 630, 42.00, 714.00, 2243.10
27in x 44mm, 630, 44.00, 718.00, 2255.66
27in x 45mm, 630, 45.00, 720.00, 2261.95
27in x 50mm, 630, 50.00, 730.00, 2293.36
27in x 56mm, 630, 56.00, 742.00, 2331.06
27in x 1.00in, 630, 25.40, 680.80, 2138.80
27in x 1.25in, 630, 31.75, 693.50, 2178.69
27in x 1.35in, 630, 34.29, 698.58, 2194.65
27in x 1.40in, 630, 35.56, 701.12, 2202.63
27in x 1.50in, 630, 38.10, 706.20, 2218.59
27in x 1.75in, 630, 44.45, 718.90, 2258.49
27in x 1.90in, 630, 48.26, 726.52, 2282.43
27in x 1.95in, 630, 49.50, 729.00, 2290.22
27in x 2.00in, 630, 50.80, 731.60, 2298.39
27in x 2.10in, 630, 53.34, 736.68, 2314.35
27in x 2.125in, 630, 54.00, 738.00, 2318.50
27in x 2.20in, 630, 55.88, 741.76, 2330.31
27in x 2.25in, 630, 57.15, 744.30, 2338.29
27in x 2.30in, 630, 58.42, 746.84, 2346.27
27in x 2.35in, 630, 59.69, 749.38, 2354.25
27in x 2.40in, 630, 60.96, 751.92, 2362.23
27in x 2.50in, 630, 63.50, 757.00, 2378.19
27in x 2.60in, 630, 66.04, 762.08, 2394.14
27in x 2.75in, 630, 69.85, 769.70, 2418.08
27in x 2.80in, 630, 71.12, 772.24, 2426.06
27in x 3.00in, 630, 76.20, 782.40, 2457.98
27in x 3.80in, 630, 96.52, 823.04, 2585.66
27in x 4.00in, 630, 101.60, 833.20, 2617.57
27in x 4.25in, 630, 107.95, 845.90, 2657.47
27in x 4.50in, 630, 114.30, 858.60, 2697.37
27in x 4.60in, 630, 116.84, 863.68, 2713.33
27in x 4.70in, 630, 119.38, 868.76, 2729.29
27in x 4.80in, 630, 121.92, 873.84, 2745.25
27in x 4.90in, 630, 124.46, 878.92, 2761.21
700c x 20mm, 622, 20.00, 662.00, 2079.73
700c x 23mm, 622, 23.00, 668.00, 2098.58
700c x 25mm, 622, 25.00, 672.00, 2111.15
700c x 26mm, 622, 26.00, 674.00, 2117.43
700c x 27mm, 622, 27.00, 676.00, 2123.72
700c x 28mm, 622, 28.00, 678.00, 2130.00
700c x 30mm, 622, 30.00, 682.00, 2142.57
700c x 32mm, 622, 32.00, 686.00, 2155.13
700c x 35mm, 622, 35.00, 692.00, 2173.98
700c x 37mm, 622, 37.00, 696.00, 2186.55
700c x 38mm, 622, 38.00, 698.00, 2192.83
700c x 40mm, 622, 40.00, 702.00, 2205.40
700c x 42mm, 622, 42.00, 706.00, 2217.96
700c x 44mm, 622, 44.00, 710.00, 2230.53
700c x 45mm, 622, 45.00, 712.00, 2236.81
700c x 50mm, 622, 50.00, 722.00, 2268.23
700c x 56mm, 622, 56.00, 734.00, 2305.93
700c x 1.00in, 622, 25.40, 672.80, 2113.66
700c x 1.25in, 622, 31.75, 685.50, 2153.56
700c x 1.35in, 622, 34.29, 690.58, 2169.52
700c x 1.40in, 622, 35.56, 693.12, 2177.50
700c x 1.50in, 622, 38.10, 698.20, 2193.46
700c x 1.75in, 622, 44.45, 710.90, 2233.36
700c x 1.90in, 622, 48.26, 718.52, 2257.30
700c x 1.95in, 622, 49.50, 721.00, 2265.09
700c x 2.00in, 622, 50.80, 723.60, 2273.26
700c x 2.10in, 622, 53.34, 728.68, 2289.22
700c x 2.125in, 622, 54.00, 730.00, 2293.36
700c x 2.20in, 622, 55.88, 733.76, 2305.18
700c x 2.25in, 622, 57.15, 736.30, 2313.15
700c x 2.30in, 622, 58.42, 738.84, 2321.13
700c x 2.35in, 622, 59.69, 741.38, 2329.11
700c x 2.40in, 622, 60.96, 743.92, 2337.09
700c x 2.50in, 622, 63.50, 749.00, 2353.05
700c x 2.60in, 622, 66.04, 754.08, 2369.01
700c x 2.75in, 622, 69.85, 761.70, 2392.95
700c x 2.80in, 622, 71.12, 764.24, 2400.93
700c x 3.00in, 622, 76.20, 774.40, 2432.85
700c x 3.80in, 622, 96.52, 815.04, 2560.52
700c x 4.00in, 622, 101.60, 825.20, 2592.44
700c x 4.25in, 622, 107.95, 837.90, 2632.34
700c x 4.50in, 622, 114.30, 850.60, 2672.24
700c x 4.60in, 622, 116.84, 855.68, 2688.20
700c x 4.70in, 622, 119.38, 860.76, 2704.16
700c x 4.80in, 622, 121.92, 865.84, 2720.12
700c x 4.90in, 622, 124.46, 870.92, 2736.08
650b/27.5 x 20mm, 584, 20.00, 624.00, 1960.35
650b/27.5 x 23mm, 584, 23.00, 630.00, 1979.20
650b/27.5 x 25mm, 584, 25.00, 634.00, 1991.77
650b/27.5 x 26mm, 584, 26.00, 636.00, 1998.05
650b/27.5 x 27mm, 584, 27.00, 638.00, 2004.34
650b/27.5 x 28mm, 584, 28.00, 640.00, 2010.62
650b/27.5 x 30mm, 584, 30.00, 644.00, 2023.19
650b/27.5 x 32mm, 584, 32.00, 648.00, 2035.75
650b/27.5 x 35mm, 584, 35.00, 654.00, 2054.60
650b/27.5 x 37mm, 584, 37.00, 658.00, 2067.17
650b/27.5 x 38mm, 584, 38.00, 660.00, 2073.45
650b/27.5 x 40mm, 584, 40.00, 664.00, 2086.02
650b/27.5 x 42mm, 584, 42.00, 668.00, 2098.58
650b/27.5 x 44mm, 584, 44.00, 672.00, 2111.15
650b/27.5 x 45mm, 584, 45.00, 674.00, 2117.43
650b/27.5 x 50mm, 584, 50.00, 684.00, 2148.85
650b/27.5 x 56mm, 584, 56.00, 696.00, 2186.55
650b/27.5 x 1.00in, 584, 25.40, 634.80, 1994.28
650b/27.5 x 1.25in, 584, 31.75, 647.50, 2034.18
650b/27.5 x 1.35in, 584, 34.29, 652.58, 2050.14
650b/27.5 x 1.40in, 584, 35.56, 655.12, 2058.12
650b/27.5 x 1.50in, 584, 38.10, 660.20, 2074.08
650b/27.5 x 1.75in, 584, 44.45, 672.90, 2113.98
650b/27.5 x 1.90in, 584, 48.26, 680.52, 2137.92
650b/27.5 x 1.95in, 584, 49.50, 683.00, 2145.71
650b/27.5 x 2.00in, 584, 50.80, 685.60, 2153.88
650b/27.5 x 2.10in, 584, 53.34, 690.68, 2169.84
650b/27.5 x 2.125in, 584, 54.00, 692.00, 2173.98
650b/27.5 x 2.20in, 584, 55.88, 695.76, 2185.79
650b/27.5 x 2.25in, 584, 57.15, 698.30, 2193.77
650b/27.5 x 2.30in, 584, 58.42, 700.84, 2201.75
650b/27.5 x 2.35in, 584, 59.69, 703.38, 2209.73
650b/27.5 x 2.40in, 584, 60.96, 705.92, 2217.71
650b/27.5 x 2.50in, 584, 63.50, 711.00, 2233.67
650b/27.5 x 2.60in, 584, 66.04, 716.08, 2249.63
650b/27.5 x 2.75in, 584, 69.85, 723.70, 2273.57
650b/27.5 x 2.80in, 584, 71.12, 726.24, 2281.55
650b/27.5 x 3.00in, 584, 76.20, 736.40, 2313.47
650b/27.5 x 3.80in, 584, 96.52, 777.04, 2441.14
650b/27.5 x 4.00in, 584, 101.60, 787.20, 2473.06
650b/27.5 x 4.25in, 584, 107.95, 799.90, 2512.96
650b/27.5 x 4.50in, 584, 114.30, 812.60, 2552.86
650b/27.5 x 4.60in, 584, 116.84, 817.68, 2568.82
650b/27.5 x 4.70in, 584, 119.38, 822.76, 2584.78
650b/27.5 x 4.80in, 584, 121.92, 827.84, 2600.74
650b/27.5 x 4.90in, 584, 124.46, 832.92, 2616.70
650c x 20mm, 571, 20.00, 611.00, 1919.51
650c x 23mm, 571, 23.00, 617.00, 1938.36
650c x 25mm, 571, 25.00, 621.00, 1950.93
650c x 26mm, 571, 26.00, 623.00, 1957.21
650c x 27mm, 571, 27.00, 625.00, 1963.50
650c x 28mm, 571, 28.00, 627.00, 1969.78
650c x 30mm, 571, 30.00, 631.00, 1982.34
650c x 32mm, 571, 32.00, 635.00, 1994.91
650c x 35mm, 571, 35.00, 641.00, 2013.76
650c x 37mm, 571, 37.00, 645.00, 2026.33
650c x 38mm, 571, 38.00, 647.00, 2032.61
650c x 40mm, 571, 40.00, 651.00, 2045.18
650c x 42mm, 571, 42.00, 655.00, 2057.74
650c x 44mm, 571, 44.00, 659.00, 2070.31
650c x 45mm, 571, 45.00, 661.00, 2076.59
650c x 50mm, 571, 50.00, 671.00, 2108.01
650c x 56mm, 571, 56.00, 683.00, 2145.71
650c x 1.00in, 571, 25.40, 621.80, 1953.44
650c x 1.25in, 571, 31.75, 634.50, 1993.34
650c x 1.35in, 571, 34.29, 639.58, 2009.30
650c x 1.40in, 571, 35.56, 642.12, 2017.28
650c x 1.50in, 571, 38.10, 647.20, 2033.24
650c x 1.75in, 571, 44.45, 659.90, 2073.14
650c x 1.90in, 571, 48.26, 667.52, 2097.08
650c x 1.95in, 571, 49.50, 670.00, 2104.87
650c x 2.00in, 571, 50.80, 672.60, 2113.04
650c x 2.10in, 571, 53.34, 677.68, 2128.99
650c x 2.125in, 571, 54.00, 679.00, 2133.14
650c x 2.20in, 571, 55.88, 682.76, 2144.95
650c x 2.25in, 571, 57.15, 685.30, 2152.93
650c x 2.30in, 571, 58.42, 687.84, 2160.91
650c x 2.35in, 571, 59.69, 690.38, 2168.89
650c x 2.40in, 571, 60.96, 692.92, 2176.87
650c x 2.50in, 571, 63.50, 698.00, 2192.83
650c x 2.60in, 571, 66.04, 703.08, 2208.79
650c x 2.75in, 571, 69.85, 710.70, 2232.73
650c x 2.80in, 571, 71.12, 713.24, 2240.71
650c x 3.00in, 571, 76.20, 723.40, 2272.63
650c x 3.80in, 571, 96.52, 764.04, 2400.30
650c x 4.00in, 571, 101.60, 774.20, 2432.22
650c x 4.25in, 571, 107.95, 786.90, 2472.12
650c x 4.50in, 571, 114.30, 799.60, 2512.02
650c x 4.60in, 571, 116.84, 804.68, 2527.98
650c x 4.70in, 571, 119.38, 809.76, 2543.94
650c x 4.80in, 571, 121.92, 814.84, 2559.90
650c x 4.90in, 571, 124.46, 819.92, 2575.85
26in x 20mm, 559, 20.00, 599.00, 1881.81
26in x 23mm, 559, 23.00, 605.00, 1900.66
26in x 25mm, 559, 25.00, 609.00, 1913.23
26in x 26mm, 559, 26.00, 611.00, 1919.51
26in x 27mm, 559, 27.00, 613.00, 1925.80
26in x 28mm, 559, 28.00, 615.00, 1932.08
26in x 30mm, 559, 30.00, 619.00, 1944.65
26in x 32mm, 559, 32.00, 623.00, 1957.21
26in x 35mm, 559, 35.00, 629.00, 1976.06
26in x 37mm, 559, 37.00, 633.00, 1988.63
26in x 38mm, 559, 38.00, 635.00, 1994.91
26in x 40mm, 559, 40.00, 639.00, 2007.48
26in x 42mm, 559, 42.00, 643.00, 2020.04
26in x 44mm, 559, 44.00, 647.00, 2032.61
26in x 45mm, 559, 45.00, 649.00, 2038.89
26in x 50mm, 559, 50.00, 659.00, 2070.31
26in x 56mm, 559, 56.00, 671.00, 2108.01
26in x 1.00in, 559, 25.40, 609.80, 1915.74
26in x 1.25in, 559, 31.75, 622.50, 1955.64
26in x 1.35in, 559, 34.29, 627.58, 1971.60
26in x 1.40in, 559, 35.56, 630.12, 1979.58
26in x 1.50in, 559, 38.10, 635.20, 1995.54
26in x 1.75in, 559, 44.45, 647.90, 2035.44
26in x 1.90in, 559, 48.26, 655.52, 2059.38
26in x 1.95in, 559, 49.50, 658.00, 2067.17
26in x 2.00in, 559, 50.80, 660.60, 2075.34
26in x 2.10in, 559, 53.34, 665.68, 2091.30
26in x 2.125in, 559, 54.00, 667.00, 2095.44
26in x 2.20in, 559, 55.88, 670.76, 2107.25
26in x 2.25in, 559, 57.15, 673.30, 2115.23
26in x 2.30in, 559, 58.42, 675.84, 2123.21
26in x 2.35in, 559, 59.69, 678.38, 2131.19
26in x 2.40in, 559, 60.96, 680.92, 2139.17
26in x 2.50in, 559, 63.50, 686.00, 2155.13
26in x 2.60in, 559, 66.04, 691.08, 2171.09
26in x 2.75in, 559, 69.85, 698.70, 2195.03
26in x 2.80in, 559, 71.12, 701.24, 2203.01
26in x 3.00in, 559, 76.20, 711.40, 2234.93
26in x 3.80in, 559, 96.52, 752.04, 2362.60
26in x 4.00in, 559, 101.60, 762.20, 2394.52
26in x 4.25in, 559, 107.95, 774.90, 2434.42
26in x 4.50in, 559, 114.30, 787.60, 2474.32
26in x 4.60in, 559, 116.84, 792.68, 2490.28
26in x 4.70in, 559, 119.38, 797.76, 2506.24
26in x 4.80in, 559, 121.92, 802.84, 2522.20
26in x 4.90in, 559, 124.46, 807.92, 2538.16
24in x 20mm, 507, 20.00, 547.00, 1718.45
24in x 23mm, 507, 23.00, 553.00, 1737.30
24in x 25mm, 507, 25.00, 557.00, 1749.87
24in x 26mm, 507, 26.00, 559.00, 1756.15
24in x 27mm, 507, 27.00, 561.00, 1762.43
24in x 28mm, 507, 28.00, 563.00, 1768.72
24in x 30mm, 507, 30.00, 567.00, 1781.28
24in x 32mm, 507, 32.00, 571.00, 1793.85
24in x 35mm, 507, 35.00, 577.00, 1812.70
24in x 37mm, 507, 37.00, 581.00, 1825.27
24in x 38mm, 507, 38.00, 583.00, 1831.55
24in x 40mm, 507, 40.00, 587.00, 1844.11
24in x 42mm, 507, 42.00, 591.00, 1856.68
24in x 44mm, 507, 44.00, 595.00, 1869.25
24in x 45mm, 507, 45.00, 597.00, 1875.53
24in x 50mm, 507, 50.00, 607.00, 1906.95
24in x 56mm, 507, 56.00, 619.00, 1944.65
24in x 1.00in, 507, 25.40, 557.80, 1752.38
24in x 1.25in, 507, 31.75, 570.50, 1792.28
24in x 1.35in, 507, 34.29, 575.58, 1808.24
24in x 1.40in, 507, 35.56, 578.12, 1816.22
24in x 1.50in, 507, 38.10, 583.20, 1832.18
24in x 1.75in, 507, 44.45, 595.90, 1872.08
24in x 1.90in, 507, 48.26, 603.52, 1896.01
24in x 1.95in, 507, 49.50, 606.00, 1903.81
24in x 2.00in, 507, 50.80, 608.60, 1911.97
24in x 2.10in, 507, 53.34, 613.68, 1927.93
24in x 2.125in, 507, 54.00, 615.00, 1932.08
24in x 2.20in, 507, 55.88, 618.76, 1943.89
24in x 2.25in, 507, 57.15, 621.30, 1951.87
24in x 2.30in, 507, 58.42, 623.84, 1959.85
24in x 2.35in, 507, 59.69, 626.38, 1967.83
24in x 2.40in, 507, 60.96, 628.92, 1975.81
24in x 2.50in, 507, 63.50, 634.00, 1991.77
24in x 2.60in, 507, 66.04, 639.08, 2007.73
24in x 2.75in, 507, 69.85, 646.70, 2031.67
24in x 2.80in, 507, 71.12, 649.24, 2039.65
24in x 3.00in, 507, 76.20, 659.40, 2071.57
24in x 3.80in, 507, 96.52, 700.04, 2199.24
24in x 4.00in, 507, 101.60, 710.20, 2231.16
24in x 4.25in, 507, 107.95, 722.90, 2271.06
24in x 4.50in, 507, 114.30, 735.60, 2310.96
24in x 4.60in, 507, 116.84, 740.68, 2326.91
24in x 4.70in, 507, 119.38, 745.76, 2342.87
24in x 4.80in, 507, 121.92, 750.84, 2358.83
24in x 4.90in, 507, 124.46, 755.92, 2374.79